{"train_loss": [1.4676519432491726, 0.8972719214121501, 0.6333483588748507, 0.4885665172364977, 0.3955483433882395, 0.320778765879737, 0.26917636133829753, 0.21954601176579794, 0.1854190794388453, 0.16517943014568753],"train_acc": [0.46644444444444444, 0.6861333333333334, 0.7795333333333333, 0.8326888888888889, 0.8638444444444444, 0.8880666666666667, 0.9062222222222223, 0.9229333333333334, 0.9352222222222222, 0.9420444444444445],"val_loss": [1.2702370239257812, 0.7541138829231262, 0.6838873138427735, 0.6184409532546997, 0.51549698138237, 0.5322550618171692, 0.49166627774238586, 0.5167951251029969, 0.5992054385066032, 0.5887348812103271],"val_acc": [0.5632, 0.7374, 0.7622, 0.7982, 0.832, 0.8344, 0.8452, 0.84, 0.8328, 0.8334],"time_per_epochs": [169.64568829536438, 188.4471743106842, 192.76908802986145, 195.34903120994568, 193.30567264556885, 195.94552278518677, 188.5498161315918, 191.97850036621094, 192.8072898387909, 194.1900975704193]}