{"train_loss": [1.223936125342051, 0.695500317700704, 0.5029981260617574, 0.3849089839352502, 0.27399745537439985, 0.19458538371721903, 0.13364263673623403, 0.09497495351897346, 0.08369598681264453, 0.0702248471074634], "train_acc": [0.5551777777777778, 0.7567333333333334, 0.8240222222222222, 0.8665555555555555, 0.9053333333333333, 0.9316222222222222, 0.9548444444444445, 0.9657111111111111, 0.9708444444444444, 0.9752222222222222], "val_loss": [0.9866344647407532, 0.7003858102798461, 0.7926030206680298, 0.5505507526397705, 0.6831934123039246, 0.5424096160888672, 0.6367962760925293, 0.6766714326858521, 0.5880954406738281, 0.7431450702667236], "val_acc": [0.6412, 0.7556, 0.7392, 0.8236, 0.7948, 0.8374, 0.835, 0.8364, 0.8416, 0.8158], "time_per_epochs": [337.10549783706665, 341.0988199710846, 341.566237449646, 341.70815658569336, 342.1516659259796, 341.935485124588, 341.29327392578125, 341.1613857746124, 341.2771236896515, 342.32401275634766]}