{
  "train_loss": [1.3276203232129415, 0.794326817618476, 0.5843572744687399, 0.4585395625485314, 0.3566105523692237, 0.271465594069163, 0.19470093828837076, 0.14448879542615678, 0.10737517360051473, 0.08171490680376689],
  "train_acc": [0.5158666666666667, 0.7199111111111111, 0.7960222222222222, 0.8411111111111111, 0.8761333333333333, 0.9059777777777778, 0.932, 0.9484888888888889, 0.9627777777777777, 0.9713111111111111],
  "val_loss": [1.271337437057495, 0.7798796693801879, 0.6347737617492676, 0.6695948305130005, 0.5716473634719849, 0.5392934532165528, 0.676196113395691, 0.6713620129585266, 0.6077678853988647, 0.7757644159317016],
  "val_acc": [0.5722, 0.7342, 0.7862, 0.7714, 0.8128, 0.8292, 0.8114, 0.8152, 0.8418, 0.822],
  "time_per_epochs": [338.61153197288513, 343.53377962112427, 343.1780729293823, 343.96818947792053, 344.5282483100891, 343.50257205963135, 343.7608733177185, 344.22303795814514, 344.23366236686707, 343.68282675743103]
}