{
    "train_loss": [1.211827666727702, 0.6596455498801337, 0.4460706396367815, 0.3068172918001811, 0.19913001777331035, 0.12381868023342557, 0.0991979371521208, 0.08323397881189983, 0.0699809204419454, 0.05041779512829251], 
    "train_acc": [0.5625333333333333, 0.7712888888888889, 0.8446444444444444, 0.8936666666666667, 0.9313333333333333, 0.9568666666666666, 0.9656888888888889, 0.9716, 0.9763555555555555, 0.9833111111111111], 
    "val_loss": [1.3963577934265137, 0.674584250831604, 0.5503885585784912, 0.54789482421875, 0.5723712598800659, 0.636134422826767, 0.5480300457000732, 0.6356107822418213, 0.6868707891464233, 0.6486275636672973], 
    "val_acc": [0.5612, 0.7702, 0.8142, 0.8258, 0.8248, 0.8258, 0.8506, 0.8354, 0.833, 0.8502], 
    "time_per_epochs": [308.24032402038574, 310.9594581127167, 312.81523394584656, 312.1125638484955, 312.132266998291, 311.7042956352234, 312.98772835731506, 312.8579545021057, 311.3007550239563, 311.7912516593933]
}